-- MySQL dump 10.13  Distrib 8.0.41, for Win64 (x86_64)
--
-- Host: localhost    Database: herreriadb
-- ------------------------------------------------------
-- Server version	8.0.41

/*!40101 SET @OLD_CHARACTER_SET_CLIENT=@@CHARACTER_SET_CLIENT */;
/*!40101 SET @OLD_CHARACTER_SET_RESULTS=@@CHARACTER_SET_RESULTS */;
/*!40101 SET @OLD_COLLATION_CONNECTION=@@COLLATION_CONNECTION */;
/*!50503 SET NAMES utf8 */;
/*!40103 SET @OLD_TIME_ZONE=@@TIME_ZONE */;
/*!40103 SET TIME_ZONE='+00:00' */;
/*!40014 SET @OLD_UNIQUE_CHECKS=@@UNIQUE_CHECKS, UNIQUE_CHECKS=0 */;
/*!40014 SET @OLD_FOREIGN_KEY_CHECKS=@@FOREIGN_KEY_CHECKS, FOREIGN_KEY_CHECKS=0 */;
/*!40101 SET @OLD_SQL_MODE=@@SQL_MODE, SQL_MODE='NO_AUTO_VALUE_ON_ZERO' */;
/*!40111 SET @OLD_SQL_NOTES=@@SQL_NOTES, SQL_NOTES=0 */;

--
-- Table structure for table `cliente`
--

DROP TABLE IF EXISTS `cliente`;
/*!40101 SET @saved_cs_client     = @@character_set_client */;
/*!50503 SET character_set_client = utf8mb4 */;
CREATE TABLE `cliente` (
  `Id_Cli` int NOT NULL,
  `Nom` varchar(50) DEFAULT NULL,
  `ApP` varchar(50) DEFAULT NULL,
  `ApM` varchar(50) DEFAULT NULL,
  `Cel` varchar(20) DEFAULT NULL,
  `Dire` varchar(100) DEFAULT NULL,
  PRIMARY KEY (`Id_Cli`)
) ENGINE=InnoDB DEFAULT CHARSET=utf8mb4 COLLATE=utf8mb4_0900_ai_ci;
/*!40101 SET character_set_client = @saved_cs_client */;

--
-- Dumping data for table `cliente`
--

LOCK TABLES `cliente` WRITE;
/*!40000 ALTER TABLE `cliente` DISABLE KEYS */;
INSERT INTO `cliente` VALUES (1,'Timoteo','Carrasco','Alvarado','433.218.1960x01338','Cerrada Norte Villalpando 026 Interior 542 Vieja Brunei Darussalam, COL 15594-0781'),(2,'José María','Berríos','Urías','(959)310-3413','Pasaje San Luis Potosí 553 419 Nueva Costa Rica, VER 48350-3056'),(3,'Gabriel','Barraza','Galarza','1-537-672-4238x8496','Calle Pakistán 101 Interior 226 Vieja Lesotho, VER 80184-5146'),(4,'Cristina','Rendón','Acosta','482.814.8932x52880','Boulevard Naranjo 303 Interior 911 San Ángela los altos, DF 78248'),(5,'Samuel','Piña','Galarza','(346)578-7133x1509','Avenida Bahena 105 183 San Yolanda los bajos, JAL 99737'),(6,'Lorenzo','Espinal','Cabrera','06566701065','Calzada Portugal 262 Interior 473 Vieja República Árabe Siria, CHIS 80132'),(7,'Lorenzo','Ruelas','Rosales','1-602-606-4746','Circunvalación España 980 500 San Nadia los altos, GTO 81219'),(8,'Ángel','Gollum','Páez','09399091699','Continuación Fiji 624 Interior 751 Vieja Senegal, CHIS 83842'),(9,'Jaqueline','Barrientos','Guevara','427.849.8084','Boulevard Chiapas 824 Edif. 493 , Depto. 534 San Fidel de la Montaña, COL 40052-4278'),(10,'Luis','Valentín','Aguirre','01280598262','Andador Quintana Roo 315 869 Nueva Costa Rica, GRO 02563-4216'),(11,'Alfonso','Rodrígez','Garibay','1-754-330-3654','Viaducto Sonora 850 Edif. 142 , Depto. 940 Vieja Italia, PUE 98169-3406'),(12,'Abel','Solís','Tijerina','(356)159-5148x46564','Diagonal Sur Varela 680 Interior 443 San Ricardo los altos, PUE 77387-2148'),(13,'Wilfrido','Meza','Cabán','433.200.3791','Diagonal Noruega 320 Interior 163 Vieja Azerbaiyán, MICH 72788'),(14,'Rosario','Mateo','Quintero','868.727.7434x8734','Cerrada Nayarit 581 Interior 223 San Cristian los altos, JAL 66587'),(15,'Linda','Bañuelos','Fonseca','(690)967-0546x688','Circuito Marruecos 065 Interior 627 Nueva Liberia, BC 62720'),(16,'Francisca','Ojeda','Menchaca','1-755-646-4170','Viaducto Belarús 003 Edif. 309 , Depto. 232 San Yolanda de la Montaña, JAL 45299-1241'),(17,'Ricardo','Alvarez','Marrero','1-663-193-1491x9058','Periférico Mondragón 671 657 Vieja Dinamarca, NAY 76945-3147'),(18,'Federico','Rivera','Vargas','650.752.7354x5494','Cerrada Palomo 837 Interior 770 Vieja Estados Unidos de América, SON 49578'),(19,'Olga','Montañez','Pizarro','855.744.4313x51823','Prolongación Nuevo León 343 524 Nueva Grecia, BCS 84271'),(20,'Adán','Vela','Linares','775.204.7116x719','Prolongación Honduras 318 699 Vieja Micronesia, TLAX 96499-0913'),(21,'Socorro','Galarza','Jaime','(123)281-2067x97403','Avenida Sur Jaime 936 Edif. 183 , Depto. 242 Nueva Côte d\'Ivoire, OAX 71746-4887'),(22,'Marcela','Blanco','Zamora','+65(9)4013990490','Circuito Sur Vigil 717 Interior 565 San Yuridia de la Montaña, GTO 67468-0715'),(23,'Flavio','Mejía','Carrillo','808-760-3859x770','Circunvalación Mauricio 710 Edif. 932 , Depto. 480 San Aurelio de la Montaña, CHIH 12748-4677'),(24,'Federico','Reyes','Ureña','639-821-4658','Circunvalación Zacatecas 787 558 San María Eugenia los bajos, HGO 96360'),(25,'Ilse','Rojas','Olivárez','270-289-5171x870','Avenida Myanmar 596 Interior 158 San Ilse los altos, ZAC 91343'),(26,'Aurora','Puente','Calvillo','172-400-5045x56238','Callejón Benin 693 Edif. 792 , Depto. 374 San Florencia los altos, AGS 48217-5946'),(27,'Fidel','Reyes','Madrid','1-671-369-5944','Ampliación Campeche 743 Edif. 953 , Depto. 394 Nueva Serbia, BCS 70952-1456'),(28,'Delia','Fernández','Centeno','(588)424-7451x7123','Diagonal Alcaraz 817 Interior 549 San Teodoro los bajos, CHIS 70985'),(29,'Santiago','García','Barajas','746-120-0471x13826','Prolongación Sur Pedroza 179 Edif. 640 , Depto. 537 San Eugenio los bajos, CHIS 85064-3171'),(30,'Wilfrido','Galindo','Zambrano','+05(3)2931839335','Calle Distrito Federal 421 Edif. 020 , Depto. 539 San Adriana de la Montaña, MOR 26811'),(31,'Martín','Rangel','Nájera','917-839-0847x0076','Pasaje Sur Blanco 921 Interior 249 San Juana los altos, NL 89611-8367'),(32,'Esperanza','Pedraza','Mojica','1-661-565-4527x111','Corredor Cedillo 098 Edif. 851 , Depto. 656 Vieja Saint Kitts y Nevis, OAX 19832-7315'),(33,'Pilar','Nazario','Carrero','936-899-8094','Circunvalación Querétaro 022 Interior 961 Nueva Bosnia y Herzegovina, JAL 67525-4599'),(34,'Arturo','Ávila','Cortés','(901)476-7976','Corredor Posada 497 840 Vieja Saint Kitts y Nevis, CAMP 34324'),(35,'Gregorio','Menchaca','Casares','+76(2)2683885160','Avenida Norte Velásquez 966 Interior 416 Vieja Croacia, VER 16136-9681'),(36,'Leonardo','Marín','Mojica','521.818.8355','Calle Hidalgo 292 127 San Ramón los altos, TLAX 52717-7449'),(37,'Anabel','Mora','Sarabia','04770054119','Pasaje Vázquez 359 Edif. 782 , Depto. 071 San Arturo los altos, GRO 37788'),(38,'Santiago','Covarrubias','Narváez','466.590.5151','Retorno Durango 192 Interior 546 Nueva India, SIN 28168-5054'),(39,'Dolores','Gallegos','Mondragón','332.214.1888x059','Callejón Djibouti 927 Edif. 065 , Depto. 379 San Marisol de la Montaña, MICH 73597-7468'),(40,'Óliver','Peralta','Cuellar','1-924-075-8181','Circuito Micronesia 261 Edif. 375 , Depto. 060 San Nadia los bajos, MICH 15305-1522'),(41,'Alfonso','Llamas','Rodríquez','1-277-901-0432x89861','Boulevard Campeche 697 117 Nueva Ucrania, DGO 60953-9621'),(42,'Ofelia','Muro','Barreto','888-806-7065x4051','Prolongación Mercado 058 527 San Susana de la Montaña, DF 70430'),(43,'Elvira','Arguello','Mata','(868)740-3450','Corredor Quesada 765 Interior 277 San Norma los bajos, COL 16928-4511'),(44,'Itzel','Lucero','Malave','1-962-757-0596x401','Ampliación China 702 Edif. 135 , Depto. 569 Nueva Tailandia, TLAX 57192-8565'),(45,'Violeta','Leiva','Haro','00278681447','Calzada Sur Cervántez 727 155 Vieja Haití, GTO 58313'),(46,'Clara','Granado','Salcido','+58(9)5782911467','Calle Mateo 177 Edif. 852 , Depto. 892 Vieja Omán, CAMP 82422'),(47,'Irene','Garza','Montemayor','414-384-2498x1829','Prolongación Baja California Sur 109 439 San Serafín los altos, BC 84473-6471'),(48,'Ana María','Cotto','Quiñónez','(773)592-5556x258','Pasaje Camboya 732 Interior 104 San Sergio los bajos, MICH 59532'),(49,'Modesto','Serrato','Robles','470.168.7339x500','Circunvalación Sur Cardenas 245 Interior 650 San Amelia los altos, HGO 84168-7849'),(50,'Santiago','Casanova','Cazares','06558523986','Calle Merino 872 Interior 982 San Sara los bajos, GTO 94958-8879'),(51,'Helena','Roldán','Alfaro','516.940.9749','Callejón Norte Cordero 309 Edif. 130 , Depto. 756 Vieja Togo, JAL 89702-8385'),(52,'Wilfrido','Romo','Sotelo','527-858-5497x334','Circunvalación Jalisco 757 Edif. 584 , Depto. 419 San Leonardo los bajos, DGO 04157-4733'),(53,'Pablo','Juárez','Valenzuela','1-421-993-3083x30165','Ampliación República Árabe Siria 677 345 San Verónica de la Montaña, COL 80262'),(54,'Alejandro','Osorio','Saldivar','(400)499-1547','Circuito Sur Carreón 274 Interior 205 San Raquel los altos, HGO 96685'),(55,'Asunción','Pacheco','Cadena','(275)304-6374','Circuito Murillo 301 Edif. 742 , Depto. 684 Vieja Kirguistán, MEX 27279'),(56,'José Luis','Pelayo','Ulloa','833.918.7851x910','Continuación Papua Nueva Guinea 139 Interior 718 San Anabel los bajos, DF 79087-4064'),(57,'Abelardo','Gamez','Véliz','00651801704','Viaducto Uzbekistán 656 Edif. 766 , Depto. 182 San Caridad de la Montaña, SON 30047'),(58,'Zacarías','Tovar','Pineda','(633)752-4310x6903','Retorno Aponte 903 Interior 067 Nueva Bahrein, DF 39599-5342'),(59,'Virginia','Soliz','García','(440)892-6870x568','Calle Norte Ocampo 873 342 San Ana Luisa los altos, TAB 88263-4351'),(60,'María del Carmen','Nevárez','Caballero','(304)699-0139x8373','Calzada Espinal 173 Edif. 936 , Depto. 385 San Juan los bajos, Q. ROO 45877-1753'),(61,'José Eduardo','Marroquín','Pedraza','+93(2)0489964235','Peatonal República Árabe Siria 547 Edif. 772 , Depto. 522 San Dulce María los altos, CAMP 10062'),(62,'Sonia','Godoy','Barreto','1-203-875-0997x70088','Periférico Laureano 408 Edif. 621 , Depto. 182 Nueva San Vicente y las Granadinas, MOR 46156-7933'),(63,'Helena','Blanco','Aparicio','06668700217','Periférico Arias 397 401 San Pamela los altos, BCS 50392'),(64,'Leonel','Bermúdez','Luna','(939)685-6218','Eje vial Gómez 599 965 Vieja Micronesia, ZAC 58662'),(65,'Rocío','Olivares','Briones','431.142.6265x5110','Circuito Chiapas 126 788 San Benjamín de la Montaña, COL 81995-6046'),(66,'Julia','Bravo','Valdivia','982.622.4447','Eje vial Grecia 471 Interior 543 San Rosario los altos, HGO 12406-5965'),(67,'Marcos','Mesa','Posada','924-593-7526x54793','Diagonal San Luis Potosí 939 828 Vieja Turquía, JAL 41672-4342'),(68,'Luisa','Ocasio','Benavides','1-979-688-6805x891','Callejón Baja California Sur 656 Edif. 101 , Depto. 438 Vieja Kiribati, SON 98250-7146'),(69,'Arturo','Carrillo','Collado','457.387.5717','Circunvalación Armendáriz 105 Edif. 123 , Depto. 828 Vieja República de Corea, TAMPS 36226-6093'),(70,'María del Carmen','Villarreal','Portillo','033-419-1825x537','Periférico Norte Zambrano 969 Interior 155 San Serafín de la Montaña, OAX 25134'),(71,'Camilo','Elizondo','Niño','1-286-692-9662x78282','Callejón Indonesia 905 Interior 072 Vieja República de Corea, ZAC 76772-1903'),(72,'Guillermo','Apodaca','Laureano','842.797.8819','Privada Baja California Sur 783 Edif. 613 , Depto. 407 San Jaqueline de la Montaña, TLAX 33959'),(73,'Susana','Porras','de Jesús','233.095.8498x2544','Eje vial Bangladesh 223 Interior 253 San Minerva de la Montaña, NAY 67116-8457'),(74,'Micaela','Menchaca','Verdugo','+17(5)1863637454','Continuación Sur Arredondo 701 277 Vieja Emiratos Árabes Unidos, DF 24154-1520'),(75,'Leonardo','Magaña','González','(110)371-2938x700','Calle Norte Batista 611 155 San Citlali los bajos, DF 18909'),(76,'Violeta','de Anda','Quiñónez','326.973.1121','Continuación Sur Gutiérrez 138 Interior 999 San Aldonza los altos, OAX 89836'),(77,'Gustavo','Ayala','Grijalva','613.791.8055x269','Peatonal Bélgica 910 430 Vieja Países Bajos, NL 66188-9241'),(78,'Horacio','Berríos','Segura','1-285-691-4630','Boulevard Norte Baca 210 Interior 202 San Javier los altos, MOR 52410'),(79,'Israel','Portillo','Jurado','149-177-8507x9252','Cerrada Saucedo 003 075 San Conchita de la Montaña, BCS 35365-4195'),(80,'Carla','Sandoval','Ávila','(380)617-4451','Calzada Nuevo León 493 Edif. 759 , Depto. 738 Nueva Albania, TAB 38505'),(81,'Abel','Ocampo','Maldonado','03836702410','Pasaje Colima 182 Edif. 619 , Depto. 906 Nueva Guinea Ecuatorial, MOR 65574-3132'),(82,'Rocío','Cardona','Cortés','02775618537','Boulevard Colima 490 352 Nueva Jordania, SON 44206'),(83,'María Cristina','Valadez','Urbina','171.210.0323','Prolongación Villa 101 Interior 372 Vieja Camboya, BCS 02966-7066'),(84,'Débora','Moreno','Gallegos','(447)209-9934','Andador Sur Lemus 263 Interior 838 Vieja Tuvalu, Q. ROO 87598-5642'),(85,'Aldonza','Matos','Zambrano','040.785.9321','Privada Campeche 965 223 San Jorge los altos, BC 99293-7842'),(86,'Mitzy','Archuleta','Bustamante','+39(3)0870593252','Calle Villa 218 Edif. 515 , Depto. 691 San Hermelinda los bajos, DF 67528'),(87,'Sessa','Munguía','Garica','(926)442-2096x90295','Calle Norte Bernal 552 157 Vieja Eslovaquia, MICH 54100'),(88,'Judith','Quezada','Perea','(676)586-1793','Andador Lozano 541 152 San Cynthia los altos, COAH 59970'),(89,'Luis Manuel','de Anda','Zepeda','(201)533-6884x443','Prolongación Norte Corrales 506 149 San Elvira de la Montaña, BC 24171'),(90,'Homero','Otero','Rodríguez','418.625.6527x047','Circuito República de Moldova 211 586 Nueva Líbano, TAB 93741-6089'),(91,'Noemí','Vázquez','Contreras','07223320616','Continuación Coahuila de Zaragoza 686 854 San Adán los altos, TAB 62299'),(92,'Rodolfo','Camarillo','Caraballo','1-148-564-6799x7024','Andador Norte Meraz 307 Edif. 450 , Depto. 544 San Mitzy los altos, CHIS 24754'),(93,'Lorena','Zedillo','Burgos','1-736-785-0821','Periférico República Democrática del Congo 233 030 San Amador los bajos, HGO 57861-0357'),(94,'Rosario','Ramírez','Díaz','985.524.1406x029','Calzada Ghana 680 Edif. 072 , Depto. 290 Vieja San Marino, OAX 66574-3748'),(95,'Sofía','Osorio','Viera','00858994417','Viaducto Puebla 443 Interior 283 Vieja Suecia, PUE 07446'),(96,'Leticia','Oquendo','Aranda','1-935-387-5842x8241','Privada Guerrero 513 Edif. 534 , Depto. 655 San Rocío los bajos, VER 70999'),(97,'Angélica','Rodríquez','Esquivel','168-460-2235x6972','Peatonal Mercado 250 Edif. 074 , Depto. 329 Vieja Bolivia, DF 66676-0083'),(98,'José Luis','Alcaraz','Medina','300-335-4216x8942','Circunvalación Veracruz de Ignacio de la Llave 898 Edif. 562 , Depto. 575 Nueva Lituania, BC 32309'),(99,'Natalia','de la O','Castañeda','064.890.9010','Pasaje Norte Castañeda 472 Edif. 304 , Depto. 618 San Silvia los altos, DF 18914-1173'),(100,'Sandra','Feliciano','Irizarry','356-420-8737x5300','Calle Sur Segura 143 744 San Amador de la Montaña, GRO 45561');
/*!40000 ALTER TABLE `cliente` ENABLE KEYS */;
UNLOCK TABLES;

--
-- Table structure for table `inventario`
--

DROP TABLE IF EXISTS `inventario`;
/*!40101 SET @saved_cs_client     = @@character_set_client */;
/*!50503 SET character_set_client = utf8mb4 */;
CREATE TABLE `inventario` (
  `Id_Mat` int NOT NULL,
  `Nombre` varchar(100) DEFAULT NULL,
  `Precio` decimal(10,2) DEFAULT NULL,
  `Tipo` varchar(50) DEFAULT NULL,
  PRIMARY KEY (`Id_Mat`)
) ENGINE=InnoDB DEFAULT CHARSET=utf8mb4 COLLATE=utf8mb4_0900_ai_ci;
/*!40101 SET character_set_client = @saved_cs_client */;

--
-- Dumping data for table `inventario`
--

LOCK TABLES `inventario` WRITE;
/*!40000 ALTER TABLE `inventario` DISABLE KEYS */;
INSERT INTO `inventario` VALUES (1,'Tubo templado',100.10,'Accesorio'),(2,'Pintura inoxidable',150.44,'Metal'),(3,'Tubo templado',383.30,'Metal'),(4,'Remache templado',239.86,'Metal'),(5,'Ángulo inoxidable',148.39,'Metal'),(6,'Codo templado',139.48,'Pintura'),(7,'Tornillo inoxidable',252.14,'Accesorio'),(8,'Broca inoxidable',391.46,'Herramienta'),(9,'Placa templado',240.18,'Accesorio'),(10,'Cemento inoxidable',146.89,'Accesorio'),(11,'Disco inoxidable',91.74,'Metal'),(12,'Soldadura reforzado',431.37,'Accesorio'),(13,'Taladro inoxidable',378.38,'Metal'),(14,'Alambre reforzado',85.46,'Accesorio'),(15,'Soplete templado',328.33,'Accesorio'),(16,'Varilla templado',136.53,'Metal'),(17,'Perfil inoxidable',347.57,'Accesorio'),(18,'Bisagra inoxidable',434.89,'Metal'),(19,'Pija reforzado',175.09,'Accesorio'),(20,'Llave inoxidable',216.58,'Herramienta'),(21,'Clavo templado',170.14,'Metal'),(22,'Flexómetro templado',335.74,'Herramienta'),(23,'Tuerca inoxidable',258.02,'Accesorio'),(24,'Sargento templado',359.67,'Herramienta'),(25,'Perfil templado',195.93,'Metal'),(26,'Regla inoxidable',419.81,'Accesorio'),(27,'Pulidora reforzado',170.48,'Herramienta'),(28,'Cerradura templado',444.37,'Accesorio'),(29,'Resanador inoxidable',344.95,'Pintura'),(30,'Pegamento templado',256.48,'Accesorio'),(31,'Marcador inoxidable',160.98,'Accesorio'),(32,'Rodillo templado',313.06,'Pintura'),(33,'Escuadra reforzado',148.69,'Herramienta'),(34,'Tuerca templado',272.08,'Metal'),(35,'Llanta inoxidable',118.78,'Herramienta'),(36,'Candado templado',239.97,'Metal'),(37,'Base reforzado',221.73,'Pintura'),(38,'Alicate templado',163.14,'Metal'),(39,'Pintura templado',374.32,'Accesorio'),(40,'Base templado',203.08,'Accesorio'),(41,'Soplete reforzado',121.17,'Metal'),(42,'Impedit templado',444.13,'Accesorio'),(43,'Brocha templado',392.88,'Metal'),(44,'Esmeril templado',184.30,'Herramienta'),(45,'Lima inoxidable',218.26,'Herramienta'),(46,'Regla templado',479.07,'Metal'),(47,'Perno templado',195.87,'Metal'),(48,'Soporte inoxidable',468.09,'Accesorio'),(49,'Gancho inoxidable',76.07,'Metal'),(50,'Lija inoxidable',379.36,'Metal'),(51,'Cinta templado',394.63,'Herramienta'),(52,'Mango templado',263.88,'Herramienta'),(53,'Nivel reforzado',287.45,'Pintura'),(54,'Cincel inoxidable',468.01,'Herramienta'),(55,'Llave templado',190.27,'Accesorio'),(56,'Soporte reforzado',454.83,'Pintura'),(57,'Mordaza inoxidable',161.56,'Metal'),(58,'Tijera reforzado',59.47,'Herramienta'),(59,'Prensa templado',149.10,'Metal'),(60,'Tornillo templado',334.00,'Herramienta'),(61,'Mordaza inoxidable',457.44,'Accesorio'),(62,'Tensor inoxidable',281.37,'Accesorio'),(63,'Rueda templado',268.44,'Herramienta'),(64,'Engrane templado',470.98,'Pintura'),(65,'Clavija inoxidable',403.08,'Pintura'),(66,'Remache inoxidable',92.45,'Pintura'),(67,'Cuadro reforzado',240.61,'Pintura'),(68,'Polea templado',74.38,'Metal'),(69,'Bisagra inoxidable',231.18,'Accesorio'),(70,'Candado inoxidable',161.90,'Herramienta'),(71,'Engrane templado',251.88,'Pintura'),(72,'Llanta inoxidable',175.35,'Herramienta'),(73,'Cuadro inoxidable',249.41,'Metal'),(74,'Corrupti inoxidable',343.47,'Metal'),(75,'Engranaje inoxidable',466.87,'Herramienta'),(76,'Quis inoxidable',232.89,'Pintura'),(77,'Tope inoxidable',439.09,'Metal'),(78,'Sargento inoxidable',220.54,'Pintura'),(79,'Metro reforzado',466.93,'Pintura'),(80,'Casco reforzado',240.35,'Pintura'),(81,'Corrupti inoxidable',135.45,'Herramienta'),(82,'Gafas inoxidable',310.63,'Metal'),(83,'Tensor templado',191.12,'Metal'),(84,'Placa templado',264.55,'Herramienta'),(85,'Perfil inoxidable',482.35,'Metal'),(86,'Llave inoxidable',80.83,'Metal'),(87,'Llave templado',437.82,'Pintura'),(88,'Tijera inoxidable',473.72,'Herramienta'),(89,'Soplete templado',317.53,'Metal'),(90,'Disco reforzado',345.82,'Accesorio'),(91,'Llave reforzado',141.92,'Accesorio'),(92,'Sierra inoxidable',169.53,'Herramienta'),(93,'Cinta templado',340.48,'Pintura'),(94,'Grillete reforzado',468.06,'Metal'),(95,'Regla inoxidable',256.23,'Metal'),(96,'Perno inoxidable',291.94,'Accesorio'),(97,'Soporte inoxidable',469.97,'Metal'),(98,'Cinta inoxidable',216.29,'Herramienta'),(99,'Prensa reforzado',425.19,'Accesorio'),(100,'Banda templado',492.73,'Metal');
/*!40000 ALTER TABLE `inventario` ENABLE KEYS */;
UNLOCK TABLES;

--
-- Table structure for table `orden`
--

DROP TABLE IF EXISTS `orden`;
/*!40101 SET @saved_cs_client     = @@character_set_client */;
/*!50503 SET character_set_client = utf8mb4 */;
CREATE TABLE `orden` (
  `Id_Ord` int NOT NULL,
  `Tipo` varchar(50) DEFAULT NULL,
  `Presupuesto` decimal(10,2) DEFAULT NULL,
  `Id_Cliente` int DEFAULT NULL,
  `Fecha` date DEFAULT NULL,
  PRIMARY KEY (`Id_Ord`),
  KEY `Id_Cliente` (`Id_Cliente`),
  CONSTRAINT `orden_ibfk_1` FOREIGN KEY (`Id_Cliente`) REFERENCES `cliente` (`Id_Cli`)
) ENGINE=InnoDB DEFAULT CHARSET=utf8mb4 COLLATE=utf8mb4_0900_ai_ci;
/*!40101 SET character_set_client = @saved_cs_client */;

--
-- Dumping data for table `orden`
--

LOCK TABLES `orden` WRITE;
/*!40000 ALTER TABLE `orden` DISABLE KEYS */;
INSERT INTO `orden` VALUES (1,'Diseño',2829.39,14,'2025-02-28'),(2,'Corte',1161.16,14,'2025-05-09'),(3,'Corte',1180.87,78,'2025-06-01'),(4,'Corte',2294.03,27,'2025-01-02'),(5,'Diseño',1763.52,33,'2025-07-20'),(6,'Soldadura',730.75,55,'2025-07-10'),(7,'Diseño',610.22,43,'2025-07-05'),(8,'Corte',2092.78,34,'2025-06-19'),(9,'Corte',2353.08,71,'2025-06-06'),(10,'Instalación',1902.27,15,'2025-01-28'),(11,'Soldadura',2862.63,89,'2025-03-29'),(12,'Corte',1863.98,48,'2025-01-02'),(13,'Corte',1574.47,6,'2025-05-30'),(14,'Diseño',1411.63,6,'2025-07-07'),(15,'Diseño',1025.19,32,'2025-02-17'),(16,'Soldadura',1384.20,72,'2025-05-20'),(17,'Instalación',2934.59,96,'2025-05-10'),(18,'Corte',2814.41,31,'2025-04-28'),(19,'Corte',2940.52,23,'2025-06-05'),(20,'Instalación',561.97,95,'2025-01-22'),(21,'Diseño',2455.97,53,'2025-02-05'),(22,'Corte',1167.01,90,'2025-05-22'),(23,'Soldadura',1456.35,5,'2025-05-13'),(24,'Instalación',1056.08,59,'2025-02-01'),(25,'Diseño',1262.98,30,'2025-06-28'),(26,'Corte',559.16,25,'2025-04-23'),(27,'Instalación',1320.65,9,'2025-03-20'),(28,'Diseño',1377.87,66,'2025-03-10'),(29,'Instalación',2198.80,69,'2025-01-16'),(30,'Diseño',2848.09,15,'2025-05-30'),(31,'Diseño',946.42,34,'2025-03-16'),(32,'Soldadura',771.01,56,'2025-04-27'),(33,'Diseño',2321.36,41,'2025-06-01'),(34,'Instalación',2015.52,66,'2025-02-11'),(35,'Soldadura',1462.99,74,'2025-05-20'),(36,'Corte',1136.81,91,'2025-07-08'),(37,'Instalación',504.23,69,'2025-02-02'),(38,'Corte',1410.55,9,'2025-06-20'),(39,'Diseño',2057.89,85,'2025-03-15'),(40,'Soldadura',2299.39,39,'2025-02-24'),(41,'Diseño',2167.23,42,'2025-01-14'),(42,'Instalación',2243.02,71,'2025-03-16'),(43,'Corte',979.60,86,'2025-01-10'),(44,'Instalación',2193.29,23,'2025-04-03'),(45,'Diseño',1515.19,1,'2025-07-09'),(46,'Diseño',1217.28,56,'2025-05-31'),(47,'Diseño',1662.47,57,'2025-01-25'),(48,'Corte',1777.93,95,'2025-04-30'),(49,'Corte',2147.13,37,'2025-07-14'),(50,'Diseño',733.47,97,'2025-06-24'),(51,'Corte',2181.99,29,'2025-01-07'),(52,'Corte',868.38,6,'2025-01-15'),(53,'Corte',2959.84,79,'2025-05-12'),(54,'Soldadura',1638.54,81,'2025-01-22'),(55,'Corte',2295.86,50,'2025-05-12'),(56,'Instalación',1499.13,19,'2025-01-17'),(57,'Soldadura',2731.65,99,'2025-06-07'),(58,'Soldadura',2446.05,29,'2025-02-15'),(59,'Corte',2510.27,90,'2025-03-24'),(60,'Instalación',625.55,32,'2025-07-23'),(61,'Soldadura',1641.15,60,'2025-06-28'),(62,'Diseño',2875.10,57,'2025-02-27'),(63,'Instalación',2576.42,71,'2025-04-01'),(64,'Instalación',2743.02,96,'2025-01-28'),(65,'Instalación',1625.17,97,'2025-01-15'),(66,'Corte',2599.66,36,'2025-02-24'),(67,'Instalación',2066.87,36,'2025-07-09'),(68,'Instalación',693.71,37,'2025-01-08'),(69,'Corte',1179.29,41,'2025-07-03'),(70,'Soldadura',845.94,30,'2025-01-18'),(71,'Instalación',2234.87,91,'2025-04-05'),(72,'Corte',660.57,53,'2025-02-20'),(73,'Diseño',1856.53,54,'2025-01-06'),(74,'Soldadura',1017.09,54,'2025-03-08'),(75,'Instalación',2762.10,75,'2025-01-20'),(76,'Soldadura',2641.83,98,'2025-04-30'),(77,'Instalación',1692.45,46,'2025-02-07'),(78,'Diseño',2383.69,54,'2025-06-27'),(79,'Corte',1720.57,35,'2025-03-08'),(80,'Instalación',1714.10,50,'2025-01-25'),(81,'Diseño',2172.18,52,'2025-02-11'),(82,'Corte',2601.26,17,'2025-02-14'),(83,'Soldadura',2767.32,76,'2025-07-13'),(84,'Soldadura',709.87,55,'2025-03-27'),(85,'Corte',2667.13,24,'2025-01-25'),(86,'Soldadura',1150.39,42,'2025-03-20'),(87,'Corte',1636.75,44,'2025-06-15'),(88,'Instalación',1195.64,54,'2025-05-12'),(89,'Diseño',2587.28,61,'2025-06-06'),(90,'Soldadura',2372.56,7,'2025-05-06'),(91,'Diseño',1060.56,9,'2025-02-16'),(92,'Soldadura',2385.58,32,'2025-02-23'),(93,'Corte',2598.07,80,'2025-05-05'),(94,'Corte',1096.36,61,'2025-03-24'),(95,'Soldadura',1909.92,28,'2025-01-18'),(96,'Instalación',2248.66,99,'2025-03-09'),(97,'Diseño',919.47,78,'2025-05-11'),(98,'Soldadura',2444.48,21,'2025-01-25'),(99,'Diseño',770.25,4,'2025-02-16'),(100,'Diseño',1939.49,49,'2025-04-17');
/*!40000 ALTER TABLE `orden` ENABLE KEYS */;
UNLOCK TABLES;

--
-- Table structure for table `orden_inv`
--

DROP TABLE IF EXISTS `orden_inv`;
/*!40101 SET @saved_cs_client     = @@character_set_client */;
/*!50503 SET character_set_client = utf8mb4 */;
CREATE TABLE `orden_inv` (
  `Id_Ord` int NOT NULL,
  `Id_Mat` int NOT NULL,
  `Usado` varchar(50) DEFAULT NULL,
  PRIMARY KEY (`Id_Ord`,`Id_Mat`),
  KEY `Id_Mat` (`Id_Mat`),
  CONSTRAINT `orden_inv_ibfk_1` FOREIGN KEY (`Id_Ord`) REFERENCES `orden` (`Id_Ord`),
  CONSTRAINT `orden_inv_ibfk_2` FOREIGN KEY (`Id_Mat`) REFERENCES `inventario` (`Id_Mat`)
) ENGINE=InnoDB DEFAULT CHARSET=utf8mb4 COLLATE=utf8mb4_0900_ai_ci;
/*!40101 SET character_set_client = @saved_cs_client */;

--
-- Dumping data for table `orden_inv`
--

LOCK TABLES `orden_inv` WRITE;
/*!40000 ALTER TABLE `orden_inv` DISABLE KEYS */;
INSERT INTO `orden_inv` VALUES (1,53,'5 unidades'),(2,54,'5 unidades'),(9,52,'5 unidades'),(9,65,'1 litro'),(10,74,'2 piezas'),(10,76,'3 kg'),(11,31,'5 unidades'),(11,32,'2 piezas'),(12,30,'2 piezas'),(13,25,'1 litro'),(14,2,'1 litro'),(14,56,'1 litro'),(14,90,'1 litro'),(16,4,'3 kg'),(19,10,'2 piezas'),(20,20,'1 litro'),(21,31,'3 kg'),(21,43,'5 unidades'),(22,40,'1 litro'),(25,28,'5 unidades'),(27,35,'3 kg'),(28,46,'1 litro'),(30,16,'3 kg'),(30,47,'3 kg'),(33,42,'2 piezas'),(33,62,'2 piezas'),(34,85,'2 piezas'),(35,40,'1 litro'),(35,65,'5 unidades'),(36,6,'2 piezas'),(36,24,'5 unidades'),(36,58,'3 kg'),(36,93,'1 litro'),(37,57,'5 unidades'),(37,91,'1 litro'),(38,5,'3 kg'),(38,29,'5 unidades'),(39,2,'3 kg'),(41,16,'3 kg'),(42,24,'5 unidades'),(42,32,'2 piezas'),(43,42,'2 piezas'),(44,4,'5 unidades'),(44,24,'2 piezas'),(44,36,'1 litro'),(46,90,'5 unidades'),(51,92,'3 kg'),(53,7,'3 kg'),(55,15,'3 kg'),(55,96,'1 litro'),(56,23,'1 litro'),(56,95,'1 litro'),(57,11,'2 piezas'),(57,16,'5 unidades'),(58,3,'2 piezas'),(58,57,'1 litro'),(59,12,'1 litro'),(60,56,'1 litro'),(61,45,'5 unidades'),(61,62,'5 unidades'),(61,67,'5 unidades'),(61,71,'1 litro'),(63,72,'3 kg'),(67,47,'5 unidades'),(69,55,'1 litro'),(71,10,'3 kg'),(71,38,'3 kg'),(72,2,'3 kg'),(72,98,'5 unidades'),(73,6,'1 litro'),(73,80,'2 piezas'),(74,6,'3 kg'),(76,55,'1 litro'),(78,33,'2 piezas'),(78,77,'3 kg'),(79,69,'5 unidades'),(79,95,'2 piezas'),(81,57,'2 piezas'),(81,76,'3 kg'),(82,59,'3 kg'),(82,63,'2 piezas'),(82,97,'5 unidades'),(83,20,'1 litro'),(85,52,'2 piezas'),(85,70,'5 unidades'),(85,75,'1 litro'),(88,30,'1 litro'),(88,77,'2 piezas'),(89,32,'1 litro'),(89,39,'5 unidades'),(89,61,'5 unidades'),(89,64,'1 litro'),(89,77,'5 unidades'),(90,59,'2 piezas'),(91,21,'1 litro'),(97,60,'5 unidades'),(98,27,'3 kg'),(98,87,'1 litro'),(99,52,'2 piezas'),(100,67,'5 unidades');
/*!40000 ALTER TABLE `orden_inv` ENABLE KEYS */;
UNLOCK TABLES;

--
-- Table structure for table `trabajador`
--

DROP TABLE IF EXISTS `trabajador`;
/*!40101 SET @saved_cs_client     = @@character_set_client */;
/*!50503 SET character_set_client = utf8mb4 */;
CREATE TABLE `trabajador` (
  `Id_Tra` int NOT NULL,
  `Nom` varchar(50) DEFAULT NULL,
  `ApP` varchar(50) DEFAULT NULL,
  `ApM` varchar(50) DEFAULT NULL,
  `Correo` varchar(100) DEFAULT NULL,
  `Tel` varchar(20) DEFAULT NULL,
  `Fec_Nac` date DEFAULT NULL,
  PRIMARY KEY (`Id_Tra`)
) ENGINE=InnoDB DEFAULT CHARSET=utf8mb4 COLLATE=utf8mb4_0900_ai_ci;
/*!40101 SET character_set_client = @saved_cs_client */;

--
-- Dumping data for table `trabajador`
--

LOCK TABLES `trabajador` WRITE;
/*!40000 ALTER TABLE `trabajador` DISABLE KEYS */;
INSERT INTO `trabajador` VALUES (1,'Barbara','Armenta','Aguirre','isaacmuniz@jasso.com','(166)746-7621','1973-08-01'),(2,'Ana María','Crespo','Cano','rvarela@yahoo.com','(965)902-7716','1994-07-22'),(3,'Amalia','Barajas','Ibarra','sosareynaldo@hotmail.com','1-358-891-6375x6289','1968-04-12'),(4,'Adalberto','Cortez','Santiago','ede-jesus@yahoo.com','1-354-083-8663','1969-12-06'),(5,'María Luisa','Quiroz','Vega','samaniegomarisela@yahoo.com','07016608801','2005-09-06'),(6,'Serafín','Maestas','Sauceda','xmondragon@garica.info','1-899-757-1130','1987-10-18'),(7,'Joaquín','Lovato','Trujillo','armentadaniel@yahoo.com','614-933-1637','1977-07-14'),(8,'Ivonne','Cardenas','Pedroza','rayamaria-jose@club.com','(697)829-2216x9958','1990-09-28'),(9,'Lourdes','Guzmán','Lara','guadalupe72@gmail.com','(984)858-3339x452','1976-08-31'),(10,'Nadia','Torres','Medrano','ramiro79@tejeda.com','106-200-3424x4204','1978-06-13'),(11,'Patricia','Apodaca','Muñoz','valenzuelaesparta@hotmail.com','863-840-6665x80043','2006-10-18'),(12,'Margarita','Garza','Nazario','guadaluperangel@laboratorios.com','816.064.8422x94057','1975-02-06'),(13,'Alfredo','Corrales','Medrano','mitzy98@beltran-matias.com','(818)268-8615','1979-08-14'),(14,'Ernesto','Meraz','Meraz','esteban98@yahoo.com','(015)739-9305x6164','2001-04-30'),(15,'Guillermina','Alvarado','Sierra','cruiz@yahoo.com','358-112-8801x33613','2001-02-27'),(16,'Manuel','Becerra','Corrales','cmeraz@benavides-ayala.com','819-346-6766','1986-02-05'),(17,'Adriana','Ordóñez','Casanova','vigilamalia@muniz-sandoval.com','(491)476-6072','2000-11-13'),(18,'Estefanía','Chacón','Ornelas','hectornino@gmail.com','(821)009-9688x1435','1978-12-22'),(19,'Liliana','Sepúlveda','Collado','estelahernadez@despacho.com','(781)414-1397x5523','1971-05-17'),(20,'Gloria','Barrios','Esquibel','vraya@hotmail.com','(492)995-5620x53364','1989-01-11'),(21,'Cecilia','Meraz','Rosado','xmunoz@yahoo.com','812.914.2834x110','1999-01-29'),(22,'Susana','Angulo','Verdugo','alejandrourena@yahoo.com','(872)563-9427x8816','1989-04-29'),(23,'Nadia','Alarcón','Griego','mariselacrespo@industrias.info','037.314.5303','1999-10-23'),(24,'Jorge Luis','Oquendo','Rodarte','arenasvioleta@yahoo.com','08449892665','2004-07-22'),(25,'Úrsula','Bernal','Sierra','hgarica@yahoo.com','577.908.2723','1969-10-24'),(26,'Noelia','León','Galarza','cristinanajera@godinez-pedroza.com','177.739.2603x02992','1973-09-25'),(27,'Sonia','Sepúlveda','Arenas','de-la-cruzfrancisco-javier@industrias.org','041-379-7723x69292','2006-12-23'),(28,'Victoria','Segura','Jaime','maria-elena99@godinez-ochoa.biz','103-886-2912','1996-12-12'),(29,'Sessa','Zapata','Arellano','rosariovictoria@industrias.biz','650-863-7659x9162','1981-11-20'),(30,'Mateo','Gonzales','Botello','mhinojosa@gmail.com','1-098-180-6356x51269','1981-10-29'),(31,'Francisca','Tello','Piña','leonel36@hotmail.com','(725)887-4495x6213','1994-12-16'),(32,'Cynthia','Camarillo','Gallegos','paulina90@gmail.com','012-796-1143x519','1967-02-19'),(33,'Juan Carlos','Pacheco','Soliz','del-riotimoteo@yahoo.com','1-038-430-9883x920','1989-01-17'),(34,'Evelio','Abrego','Cotto','leonor56@villa.com','118.489.5543x93769','1964-11-18'),(35,'Francisca','del Río','Palomo','santacruzguadalupe@carrion-serna.net','1-476-973-5779x0714','1969-03-01'),(36,'Juana','Garay','Godínez','hmorales@hotmail.com','+43(4)1651827553','2003-08-10'),(37,'Gabriel','Elizondo','Espinal','eugenioguardado@yahoo.com','1-333-952-1117','2006-05-03'),(38,'Abraham','Toro','Arias','silvano57@hotmail.com','728-463-9208','1993-05-13'),(39,'Mateo','Toledo','Apodaca','ddelgado@gmail.com','1-875-003-6915x59428','1982-06-15'),(40,'Eva','Jiménez','Rodríguez','dulce-maria76@gmail.com','(556)472-9293x143','2002-05-11'),(41,'Magdalena','Olivárez','Estévez','marioaguirre@club.net','(574)489-0612x0347','2007-06-06'),(42,'Beatriz','Rascón','Mesa','jorge-luis88@yahoo.com','061.593.9982','1983-12-07'),(43,'Joaquín','Meléndez','Segovia','yberrios@hotmail.com','(722)569-9611','1975-08-04'),(44,'Jacobo','Gil','Martínez','gabriela96@yahoo.com','1-598-762-2023x413','1975-12-04'),(45,'Leonel','Candelaria','Cadena','dulibarri@osorio.com','04921643347','2007-03-14'),(46,'Carmen','Ceja','Soto','aragonwilfrido@melgar-rolon.net','872-829-9796','2000-03-09'),(47,'Timoteo','Tejeda','Marín','otirado@gmail.com','1-456-424-0082x547','2000-12-23'),(48,'Abril','Salazar','Romero','posadaguillermo@hotmail.com','085.368.6632','1991-02-01'),(49,'José María','Garay','Irizarry','hgrijalva@corporacin.com','02241797497','1977-05-06'),(50,'Inés','Almaraz','Coronado','escamillabenjamin@corporacin.com','02073564757','1966-09-22'),(51,'Isabel','Blanco','Concepción','julio-cesar18@duran.com','013-673-0371x837','1991-01-17'),(52,'Hugo','Medrano','Covarrubias','hernandesmauricio@grupo.com','650.249.1630','1967-06-04'),(53,'Roberto','Roldán','Ybarra','augusto32@bustos.com','+52(8)1273585730','1990-04-10'),(54,'Jorge','Cervantes','Henríquez','jquezada@industrias.com','(557)498-2182x7448','1989-07-19'),(55,'María Elena','Abrego','Santillán','aidanarvaez@hotmail.com','518.638.7829','1983-11-01'),(56,'Irene','Parra','Medina','solorzanovictoria@armas-ceballos.com','+31(7)3109678994','1967-11-28'),(57,'Josefina','García','Zelaya','friasvanesa@betancourt.com','865.094.8014','1969-11-14'),(58,'Esmeralda','Solano','Calderón','oscarolmos@grupo.org','288-619-5761x22868','1987-07-14'),(59,'Víctor','Cotto','Tejeda','ignacio85@yahoo.com','(659)398-3684x577','1991-08-03'),(60,'Abel','Aragón','Linares','hermelindaaguayo@grupo.com','(889)921-0752x2459','1981-07-27'),(61,'Eugenia','Hidalgo','Macías','nvarela@melendez-rosas.com','919.409.6105x566','1972-10-08'),(62,'Esperanza','Zarate','Alba','maganaofelia@gmail.com','1-892-583-2067','2005-01-24'),(63,'René','Santana','Bustamante','ylongoria@cordero.com','908.641.6862x278','1978-01-18'),(64,'Micaela','Ortega','Vázquez','federicobecerra@proyectos.com','06655355904','1976-01-31'),(65,'Jerónimo','Quintanilla','Concepción','gonzalezelvira@hotmail.com','211.039.2405','1972-02-20'),(66,'Hilda','Rascón','Rodríguez','enrique83@industrias.net','920.698.0420x439','1983-01-10'),(67,'Ana','Rivero','Aguilera','qjuarez@cardenas-almaraz.biz','681.579.8123','1998-08-20'),(68,'María José','Valentín','Alonzo','olgamagana@saiz-orozco.com','+55(5)4384046084','1979-12-01'),(69,'Cornelio','Mondragón','Orozco','olivasnicolas@club.com','(495)782-3298x324','2000-03-18'),(70,'Celia','Posada','Colunga','angel88@enriquez-matias.com','056.647.4231x22099','1982-09-22'),(71,'Samuel','Valverde','Godoy','aldonzamunoz@romero-cervantes.net','752.677.2233x0604','1992-09-03'),(72,'Estela','Fierro','Flores','marcelasaiz@reyna-gurule.biz','+96(5)6999880817','1995-08-29'),(73,'Alma','Guillen','Solano','valdezjulia@hotmail.com','034-764-4726x49082','1996-02-11'),(74,'Verónica','Razo','Bustamante','rociotrevino@club.info','+27(9)3714521117','1989-04-07'),(75,'Arturo','Soria','Olivo','yurbina@de.org','(222)206-4474x21230','2006-12-06'),(76,'Flavio','Alcala','Reynoso','ztorrez@gmail.com','733.977.6719x9038','1983-06-29'),(77,'Silvano','Valdés','Franco','concepcionbaca@arce-colunga.com','(994)510-1622x49998','1976-08-21'),(78,'María Eugenia','Véliz','Murillo','lunairene@ojeda-barreto.biz','(147)214-5868x3390','1972-01-02'),(79,'Reina','Tafoya','Brito','luis95@yahoo.com','995-299-7877x2934','1977-09-26'),(80,'Abel','Casanova','Alva','francosergio@yahoo.com','(055)830-3441x448','2001-12-29'),(81,'Irene','Aguayo','Carrera','leonardo99@gmail.com','(355)770-2727','2001-02-08'),(82,'Israel','Ríos','Pedraza','raul58@frias.com','124.056.8299','1991-01-28'),(83,'Eduardo','Yáñez','Carrión','alonso46@gmail.com','357.438.4215x031','1994-10-07'),(84,'Natividad','Alvarado','Rosas','jacintoroybal@proyectos.net','(230)768-1040x91570','1971-08-01'),(85,'Nicolás','Marrero','Altamirano','inesfernandez@gmail.com','(485)714-2241','1965-08-09'),(86,'Silvia','Valencia','Serrano','patriciamontez@juarez-cisneros.com','1-321-495-8702x0701','1990-09-02'),(87,'Ana','Briseño','Polanco','rubenvillarreal@hotmail.com','1-795-453-8179x21717','1985-09-08'),(88,'Trinidad','Rivero','Rodrígez','claudioholguin@orosco-elizondo.com','1-770-171-5772','1983-10-10'),(89,'Jaqueline','Zayas','Velasco','palominobernabe@valadez-batista.com','(769)639-3827x6153','2004-10-12'),(90,'Luis Manuel','Puga','Valverde','deborabernal@hotmail.com','1-971-997-5817x24619','1971-12-19'),(91,'Rubén','Ojeda','Menchaca','bustamanteesteban@gmail.com','1-022-784-6997x3354','2003-05-17'),(92,'Hernán','Puga','Montañez','segoviakarina@proyectos.com','(008)514-0369x6566','1990-07-13'),(93,'Manuel','Trejo','Galarza','mchavez@murillo.com','(220)102-7621x26796','2006-12-23'),(94,'Dolores','Rentería','Saucedo','wolivo@gmail.com','(690)973-8468','2003-10-15'),(95,'Josefina','Aponte','Archuleta','bruno97@hotmail.com','02847818913','1996-09-18'),(96,'Sonia','Bernal','Tirado','montalvooswaldo@gmail.com','787.956.5442x094','2002-12-04'),(97,'Francisca','Ballesteros','Rojas','lovatosofia@llamas.com','814-429-4440','1972-02-27'),(98,'Salma','Delgado','Villareal','znegron@corporacin.com','051-292-7663x7239','1988-01-18'),(99,'Ana','Jaime','Carrillo','marisolozuna@madera.net','667.428.6047','1990-07-24'),(100,'Ignacio','Tamayo','Arguello','magdalena94@jiminez-jaramillo.com','967-393-8525','2001-10-30');
/*!40000 ALTER TABLE `trabajador` ENABLE KEYS */;
UNLOCK TABLES;
/*!40103 SET TIME_ZONE=@OLD_TIME_ZONE */;

/*!40101 SET SQL_MODE=@OLD_SQL_MODE */;
/*!40014 SET FOREIGN_KEY_CHECKS=@OLD_FOREIGN_KEY_CHECKS */;
/*!40014 SET UNIQUE_CHECKS=@OLD_UNIQUE_CHECKS */;
/*!40101 SET CHARACTER_SET_CLIENT=@OLD_CHARACTER_SET_CLIENT */;
/*!40101 SET CHARACTER_SET_RESULTS=@OLD_CHARACTER_SET_RESULTS */;
/*!40101 SET COLLATION_CONNECTION=@OLD_COLLATION_CONNECTION */;
/*!40111 SET SQL_NOTES=@OLD_SQL_NOTES */;

-- Dump completed on 2025-07-25 21:27:14
